Volume,X,Y,Z,Edep_keV,StepLength_nm,Edep_J
Cladding_PV,13.1467,-13.9782,-2417.62,2.1389,8878.05,3.4265178e-16
Cladding_PV,13.0176,-11.0601,-2409.4,2.19424,7336.77,3.51517248e-16
Cladding_PV,13.7932,-7.08586,-2403.41,2.57654,7195.44,4.1276170799999997e-16
Cladding_PV,17.2192,-3.73565,-2398.19,3.02694,8323.82,4.84915788e-16
Cladding_PV,22.4466,-0.339591,-2392.9,4.57824,11352.6,7.33434048e-16
Cladding_PV,31.2534,6.26466,-2391.73,4.97359,17286.5,7.9676911799999995e-16
Cladding_PV,45.8564,11.2506,-2385.59,8.35928,16589.5,1.339156656e-15
Cladding_PV,56.2776,14.6377,-2374.02,27.3091,9931.87,4.37491782e-15
Cladding_PV,63.9629,12.5219,-2368.55,23.8547,7966.15,3.82152294e-15
Cladding_PV,70.8733,10.7335,-2365.61,1.79763,3624.64,2.87980326e-16
World,74.243,10.629,-2366.38,1.95669,10408700.0,3.13461738e-16
Cladding_PV,56.6718,-23.8573,-2496.32,6.24388,22970.2,1.000269576e-15
Cladding_PV,41.1173,-39.661,-2491.7,26.9332,19965.5,4.31469864e-15
Cladding_PV,26.8885,-50.113,-2482.92,9.00725,20802.9,1.44296145e-15
Cladding_PV,10.8411,-62.5947,-2480.31,4.62813,21649.6,7.414264259999999e-16
Cladding_PV,-7.10051,-73.9527,-2478.61,0.065918,915.868,1.05600636e-17
World,-7.70257,-74.6034,-2478.83,1.69024,13462300.0,2.70776448e-16
Cladding_PV,33.7806,-10.0698,-2478.42,8.67135,21022.8,1.38915027e-15
Cladding_PV,51.482,-20.1961,-2482.01,9.20755,17031.9,1.4750495099999999e-15
Cladding_PV,65.4622,-29.5363,-2481.93,0.922062,3259.79,1.477143324e-16
World,68.2232,-31.1543,-2481.41,1.33161,13238600.0,2.1332392199999998e-16
Cladding_PV,-26.8464,-5.98027,-2439.15,39.2952,15209.1,6.29509104e-15
World,1335.08,-1674.0,-2366.85,2.21197,10197600.0,3.5435759399999997e-16
Cladding_PV,26.8869,47.4733,-2495.79,3.96895,2416.34,6.3582579e-16
Cladding_PV,26.4725,49.1982,-2494.37,8.30678,3518.24,1.330746156e-15
Cladding_PV,25.9504,52.3147,-2494.49,25.8376,7324.07,4.13918352e-15
Cladding_PV,-43.2871,49.0402,-2493.53,6.10742,10987.6,9.78408684e-16
World,-49.3158,56.5062,-2488.52,2.45613,12697200.0,3.9347202599999996e-16
World,-8727.5,8700.1,663.647,0.147332,1744970.0,2.3602586399999997e-17
World,-8727.5,8700.1,663.647,2.40554,217820.0,3.8536750799999995e-16
Cladding_PV,14.53,-56.41,-2132.37,4.44084,14359.7,7.114225679999999e-16
Cladding_PV,22.8445,-62.1791,-2122.47,5.83869,15693.8,9.35358138e-16
Cladding_PV,30.014,-67.5636,-2110.22,0.276258,2200.14,4.42565316e-17
World,30.8201,-68.3749,-2108.35,1.60561,14520300.0,2.57218722e-16
Cladding_PV,-1.60632,-46.3967,-2275.86,7.87932,25621.7,1.262267064e-15
Cladding_PV,3.72957,-50.8506,-2251.62,6.75511,21476.3,1.082168622e-15
Cladding_PV,2.23608,-49.729,-2230.52,10.1276,23119.9,1.62244152e-15
Cladding_PV,0.265041,-41.1661,-2209.51,4.0816,22359.4,6.5387232e-16
Cladding_PV,-4.77867,-26.7539,-2193.66,4.53432,21210.7,7.26398064e-16
Cladding_PV,-15.648,-16.2327,-2179.25,5.67051,22209.3,9.08415702e-16
Cladding_PV,-27.1244,0.295933,-2170.72,8.01875,19936.8,1.2846037500000001e-15
Cladding_PV,-33.9344,18.6277,-2172.55,7.39474,19654.0,1.184637348e-15
Cladding_PV,-36.8957,36.8948,-2178.21,7.44259,19790.4,1.1923029179999999e-15
Cladding_PV,-37.2927,56.2996,-2179.81,2.84566,9250.18,4.55874732e-16
World,-36.8346,65.3316,-2180.74,2.12682,11521800.0,3.40716564e-16
World,2909.0,-364.888,-2009.6,1.63874,7604410.0,2.62526148e-16
World,7896.36,3931.98,1590.79,0.184472,2864170.0,2.95524144e-17
World,9656.66,5826.07,2785.37,0.476333,925236.0,7.63085466e-17
World,9656.66,5826.07,2785.37,0.743109,200479.0,1.190460618e-16
World,9842.79,5838.14,2722.56,0.122212,99446.5,1.95783624e-17
World,9935.67,5818.45,2696.57,0.0235701,66813.0,3.77593002e-18
World,9935.67,5818.45,2696.57,1.06541,62462.1,1.70678682e-16
World,7896.36,3931.98,1590.79,2.9291,302428.0,4.6924182e-16
Cladding_PV,22.7631,56.1555,-2463.14,7.43356,8770.66,1.190856312e-15
Cladding_PV,25.9309,54.9761,-2455.55,7.98275,8998.13,1.27883655e-15
Cladding_PV,26.7747,55.5641,-2447.17,10.3598,7993.23,1.6596399599999999e-15
Cladding_PV,22.1627,59.7006,-2443.0,15.0368,7097.35,2.40889536e-15
Cladding_PV,17.7412,63.7086,-2440.27,5.8678,4990.3,9.4002156e-16
Cladding_PV,13.6341,65.3577,-2441.36,11.7336,5618.63,1.8797227199999996e-15
Cladding_PV,11.3648,69.5632,-2442.68,6.38572,2877.61,1.022992344e-15
Cladding_PV,9.85497,71.0286,-2444.13,16.015,2592.94,2.565603e-15
Cladding_PV,9.11621,72.2277,-2445.83,5.95038,587.789,9.53250876e-16
Cladding_PV,-29.2934,-64.6617,-2413.22,9.54122,19352.0,1.5285034439999997e-15
World,-30.1446,-68.6754,-2394.68,2.55397,12831100.0,4.09145994e-16
Cladding_PV,6.37287,33.1232,-2452.39,11.5481,32803.7,1.85000562e-15
Cladding_PV,3.58226,30.8481,-2420.25,8.35708,31796.1,1.338804216e-15
Cladding_PV,1.09693,5.56217,-2402.14,1.00591,1788.13,1.6114678200000002e-16
Core_PV,0.660768,4.0464,-2401.3,2.98079,9076.31,4.775225579999999e-16
Cladding_PV,-1.91233,-3.6267,-2397.38,7.30347,30398.6,1.1700158939999999e-15
Cladding_PV,-27.0923,-2.05003,-2381.2,7.17974,26273.9,1.150194348e-15
Cladding_PV,-48.7516,1.32934,-2367.32,9.52157,26654.6,1.525355514e-15
Cladding_PV,-69.0444,-3.30103,-2351.23,1.47363,8533.78,2.3607552599999997e-16
World,-74.7163,-6.51698,-2345.85,2.87316,12614900.0,4.60280232e-16
Cladding_PV,49.1224,-16.101,-2488.89,4.40263,7467.7,7.05301326e-16
Cladding_PV,50.6039,-22.6873,-2486.07,4.2651,8149.17,6.8326902e-16
Cladding_PV,47.0617,-29.8171,-2486.04,2.89082,8502.8,4.63109364e-16
Cladding_PV,42.8897,-36.919,-2486.96,1.7331,7799.18,2.7764262e-16
Cladding_PV,42.3718,-41.3543,-2493.12,3.05699,5661.19,4.89729798e-16
Cladding_PV,39.1,-42.6699,-2497.42,1.63466,4348.28,2.61872532e-16
Cladding_PV,36.0988,-45.7108,-2497.76,3.51852,5045.78,5.63666904e-16
Cladding_PV,31.6498,-47.7878,-2497.05,1.70693,4714.01,2.73450186e-16
Cladding_PV,27.0794,-47.1332,-2497.47,4.762,4910.65,7.628723999999999e-16
Cladding_PV,22.338,-47.6097,-2496.72,1.69207,4490.13,2.71069614e-16
Cladding_PV,20.1687,-51.2932,-2495.63,1.86482,5806.22,2.9874416399999997e-16
Cladding_PV,15.5093,-54.3985,-2494.73,3.10549,5344.33,4.9749949799999995e-16
Cladding_PV,11.6488,-56.9296,-2492.28,4.92782,5266.01,7.894367639999999e-16
Cladding_PV,7.44432,-59.2,-2490.37,2.95405,6101.16,4.7323881e-16
Cladding_PV,2.732,-60.6283,-2487.08,7.41247,7607.44,1.187477694e-15
Cladding_PV,-4.03005,-62.0494,-2484.64,6.48854,9590.14,1.039464108e-15
Cladding_PV,-12.8626,-61.1047,-2482.74,8.90702,6100.73,1.4269046039999998e-15
Cladding_PV,-17.7258,-60.6235,-2485.98,5.97043,7667.32,9.56462886e-16
Cladding_PV,-21.059,-62.0364,-2492.23,7.54372,5650.67,1.208503944e-15
Cladding_PV,-20.1431,-61.935,-2497.52,1.9761,2683.1,3.1657121999999996e-16
World,-19.7669,-61.934,-2500.0,3.52701,8295850.0,5.65027002e-16
Cladding_PV,-18.7795,22.988,-2422.37,17.8835,31542.5,2.8649367e-15
Cladding_PV,-6.47033,30.547,-2394.78,9.85704,32527.7,1.579097808e-15
Cladding_PV,1.96767,30.468,-2363.83,11.5954,32379.7,1.85758308e-15
Cladding_PV,5.39702,31.0525,-2332.1,4.17126,26729.7,6.68235852e-16
Cladding_PV,-3.54625,37.563,-2308.13,9.60438,36181.6,1.5386216760000002e-15
Cladding_PV,-11.4456,38.0216,-2273.46,15.1486,34094.1,2.42680572e-15
Cladding_PV,-11.7147,37.0594,-2239.95,13.0822,35120.7,2.09576844e-15
Cladding_PV,-4.08667,48.7046,-2208.41,16.4906,36443.7,2.64179412e-15
Cladding_PV,13.5098,60.1421,-2179.51,10.7118,29650.0,1.71603036e-15
Cladding_PV,34.0481,66.4669,-2160.58,0.00968163,377.97,1.550997126e-18
World,34.3217,66.686,-2160.44,1.54166,13604500.0,2.46973932e-16
Cladding_PV,-50.9263,1.43384,-2490.11,8.34932,28816.6,1.337561064e-15
Cladding_PV,-59.0565,-1.40107,-2463.05,9.6067,29483.4,1.53899334e-15
Cladding_PV,-60.548,-0.340376,-2434.08,6.95007,22064.0,1.113401214e-15
Cladding_PV,-47.8285,14.1484,-2423.92,21.3665,21609.7,3.4229132999999996e-15
Cladding_PV,-37.9772,22.4712,-2406.91,5.18327,25451.6,8.303598540000001e-16
Cladding_PV,-31.2776,28.9137,-2383.64,14.6678,26762.9,2.34978156e-15
Cladding_PV,-27.436,37.3908,-2359.04,14.9305,23273.5,2.3918661e-15
Cladding_PV,-33.6095,45.2923,-2338.45,10.7171,26932.2,1.71687942e-15
Cladding_PV,-45.3052,53.073,-2316.1,3.82327,11475.9,6.12487854e-16
World,-49.2441,56.5687,-2306.16,2.32885,13510700.0,3.7308177e-16
World,6930.58,-2767.68,-9398.42,0.720387,1132740.0,1.154059974e-16
World,7598.52,-3588.44,-9030.73,2.72276,3820290.0,4.36186152e-16
World,7598.52,-3588.44,-9030.73,2.28762,200703.0,3.6647672399999997e-16
Cladding_PV,11.8531,44.0123,-2330.38,7.76454,15172.5,1.243879308e-15
Cladding_PV,4.2379,45.1546,-2318.27,18.3234,19022.2,2.93540868e-15
Cladding_PV,-8.16653,49.6303,-2306.6,8.51765,13717.6,1.36452753e-15
Cladding_PV,-15.1059,57.3301,-2299.25,6.52026,7932.17,1.044545652e-15
Cladding_PV,-16.4365,63.9613,-2295.96,10.9129,5073.25,1.74824658e-15
Cladding_PV,-15.821,66.3115,-2291.74,4.36455,4359.48,6.9920091e-16
Cladding_PV,-16.5,68.3874,-2288.19,6.68057,3788.08,1.070227314e-15
Cladding_PV,-18.3569,71.138,-2286.74,0.650137,1842.87,1.0415194739999999e-16
World,-19.5327,72.4118,-2286.83,4.89386,12746900.0,7.83996372e-16
World,-8748.46,6085.46,873.504,0.748215,1306300.0,1.1986404299999999e-16
Cladding_PV,36.2724,6.63628,-2500.0,0.02201,37487.2,3.526001999999999e-18
Cladding_PV,59.0639,-12.9371,-2477.58,0.09563,4.08707,1.5319926e-17
Cladding_PV,59.0639,-12.9371,-2477.58,0.03636,2.52015,5.824872e-18
Cladding_PV,59.0639,-12.9371,-2477.58,6.65707,21412.5,1.066462614e-15
World,67.8442,-31.9713,-2474.49,1.80112,11909700.0,2.88539424e-16
Cladding_PV,-47.185,-12.2952,-2445.47,4.9173,13625.4,7.8775146e-16
Cladding_PV,-46.6053,-14.3989,-2432.3,21.0521,17184.9,3.3725464199999998e-15
Cladding_PV,-50.9262,-12.343,-2416.26,13.4463,15917.3,2.15409726e-15
Cladding_PV,-57.1984,-9.63694,-2402.41,3.01396,9376.83,4.82836392e-16
Cladding_PV,-59.423,-7.53859,-2393.74,3.39789,9561.78,5.44341978e-16
Cladding_PV,-58.2433,-6.1892,-2384.56,12.1787,9554.38,1.9510277399999997e-15
Cladding_PV,-59.132,-2.61357,-2375.97,12.5121,10789.8,2.0044384199999998e-15
Cladding_PV,-57.5454,0.333534,-2366.03,3.98131,9485.83,6.37805862e-16
Cladding_PV,-58.0536,1.78281,-2356.95,6.37349,10759.1,1.021033098e-15
Cladding_PV,-56.9279,9.75604,-2350.38,8.67553,11057.8,1.389819906e-15
Cladding_PV,-60.2614,19.4744,-2347.64,5.44856,7513.88,8.728593119999999e-16
Cladding_PV,-63.4906,25.8925,-2348.87,9.8625,9412.48,1.5799725e-15
Cladding_PV,-66.941,33.4191,-2351.18,0.0778872,202.708,1.2477529440000001e-17
World,-67.1349,33.435,-2351.23,3.11279,10770300.0,4.986689579999999e-16
Cladding_PV,58.2175,-6.04293,-2304.24,7.67015,19707.3,1.2287580299999998e-15
Cladding_PV,57.9938,-0.902941,-2285.5,7.23221,19126.6,1.158600042e-15
Cladding_PV,61.3486,4.55211,-2267.77,3.84262,18428.0,6.15587724e-16
Cladding_PV,64.626,11.3273,-2251.24,6.46616,19084.2,1.035878832e-15
Cladding_PV,55.7425,-4.44372,-2256.3,5.81973,20005.6,9.32320746e-16
Cladding_PV,38.4216,-12.5403,-2260.95,11.1675,21833.0,1.7890335e-15
Cladding_PV,17.2012,-15.0309,-2262.52,4.34023,20597.7,6.95304846e-16
Cladding_PV,-2.07155,-9.68674,-2261.75,6.95044,16435.7,1.113460488e-15
Cladding_PV,-18.1317,-9.20664,-2259.8,7.58867,18854.2,1.215704934e-15
Cladding_PV,-36.1339,-7.01108,-2256.12,3.61315,18740.4,5.7882663e-16
Cladding_PV,-52.6535,-0.398331,-2251.52,5.309,17603.6,8.505018e-16
Cladding_PV,-66.2941,5.10945,-2242.46,6.07339,11691.6,9.72957078e-16
World,-74.5131,8.53185,-2235.4,2.98376,12196200.0,4.77998352e-16
Cladding_PV,40.6117,-18.3602,-2042.9,46.2043,20153.8,7.40192886e-15
Cladding_PV,-0.204043,-10.9992,-2492.88,2.61958,6629.97,4.1965671599999997e-16
Cladding_PV,-4.42921,-9.10157,-2497.5,0.723118,2768.14,1.158435036e-16
World,-5.32844,-8.46369,-2500.0,0.392805,2543410.0,6.2927361e-17
World,-410.198,1258.91,-4661.79,3.81027,5837500.0,6.104052539999999e-16
World,-410.198,1258.91,-4661.79,1.75762,132170.0,2.81570724e-16
Cladding_PV,-34.7808,11.6998,-2493.9,2.87273,16034.2,4.602113459999999e-16
Cladding_PV,-46.1603,22.3519,-2491.23,5.89317,14725.2,9.44085834e-16
Cladding_PV,-58.7074,28.1627,-2486.74,6.10944,10799.6,9.78732288e-16
World,-67.2994,33.1027,-2483.06,1.91032,11682300.0,3.06033264e-16
Cladding_PV,65.6423,22.7109,-1752.99,4.1491,11797.5,6.646858199999999e-16
World,71.2394,23.4508,-1742.82,1.96867,15195400.0,3.1538093399999997e-16
Cladding_PV,6.07894,4.30483,-2499.3,0.809056,627.23,1.2961077119999998e-16
Cladding_PV,5.6733,4.69239,-2499.04,0.43962,609.155,7.0427124e-17
Cladding_PV,5.27123,4.97206,-2498.69,1.53843,755.616,2.46456486e-16
Cladding_PV,4.9365,5.17608,-2498.06,1.37209,1061.77,2.19808818e-16
Cladding_PV,4.81591,5.3425,-2497.05,2.20534,1800.66,3.53295468e-16
Cladding_PV,5.60226,5.93927,-2495.66,4.1835,2716.66,6.701967e-16
Cladding_PV,7.2262,7.41822,-2494.49,3.36998,2936.2,5.39870796e-16
Cladding_PV,9.27116,6.12115,-2493.52,25.733,7272.42,4.1224266e-15
World,-4518.42,4109.49,-1344.93,1.53365,5995750.0,2.4569072999999997e-16
World,-1478.84,-451.919,-3443.29,1.46533,7930570.0,2.34745866e-16
World,-2581.86,1047.64,-1103.19,2.25512,10101300.0,3.6127022399999994e-16
World,2396.85,849.781,-4259.32,1.71146,8266930.0,2.74175892e-16
Cladding_PV,-2.59637,-65.6177,-2495.94,3.09794,10325.4,4.96289988e-16
Cladding_PV,-7.17028,-74.1241,-2498.66,0.709463,773.258,1.136559726e-16
World,-7.68533,-74.6052,-2498.98,2.8807,14293000.0,4.6148814e-16
Cladding_PV,-48.6016,-1.41841,-2347.65,9.68114,24695.0,1.5509186279999998e-15
Cladding_PV,-49.0841,17.5259,-2332.35,130.037,23302.6,2.08319274e-14
Cladding_PV,-47.3326,35.8604,-2318.6,9.30561,18650.3,1.4907587219999999e-15
Cladding_PV,-49.0496,49.6704,-2306.82,3.43432,8803.26,5.50178064e-16
World,-48.7338,57.009,-2302.37,2.24211,12507400.0,3.5918602199999994e-16
Cladding_PV,31.8193,-52.038,-2469.51,4.2222,11155.1,6.7639644e-16
Cladding_PV,39.9999,-59.2966,-2470.56,2.34148,3672.05,3.7510509599999996e-16
World,42.7558,-61.6193,-2471.0,1.71727,13049200.0,2.75106654e-16
World,7372.03,2875.57,-7586.33,0.28661,2943830.0,4.5914921999999994e-17
Cladding_PV,11.9198,-13.0344,-2492.89,2.03695,4009.26,3.2631939e-16
Cladding_PV,8.9877,-13.6362,-2495.42,1.78226,2760.91,2.85518052e-16
Cladding_PV,6.94697,-13.696,-2497.21,5.33329,2207.91,8.54393058e-16
Cladding_PV,5.09616,-14.0135,-2498.32,0.897022,2132.82,1.437029244e-16
Cladding_PV,3.12201,-14.4951,-2498.86,2.18001,2798.3,3.4923760199999996e-16
Cladding_PV,0.752817,-15.1157,-2499.96,0.0936447,50.9993,1.500188094e-17
World,0.72309,-15.1008,-2500.0,2.88501,6814280.0,4.621786019999999e-16
World,-4927.35,1388.62,-6800.26,1.88342,6457250.0,3.01723884e-16
World,-4927.35,1388.62,-6800.26,4.56799,1936440.0,7.31791998e-16
World,-5009.25,2361.56,-7443.09,6.11386,1089580.0,9.79440372e-16
Cladding_PV,58.8269,-21.8498,-2445.78,7.28952,6731.6,1.167781104e-15
Cladding_PV,53.6889,-25.2854,-2444.11,6.79464,9279.1,1.088501328e-15
Cladding_PV,47.613,-31.1107,-2442.51,9.64986,10923.1,1.545907572e-15
Cladding_PV,49.3687,-39.3062,-2447.58,11.4973,8266.68,1.8418674599999998e-15
Cladding_PV,48.6388,-43.585,-2453.58,4.13934,5382.07,6.63122268e-16
Cladding_PV,48.7157,-46.0856,-2457.7,4.31639,4750.14,6.91485678e-16
Cladding_PV,50.4252,-43.8489,-2460.86,6.98523,4450.39,1.119033846e-15
Cladding_PV,51.8247,-40.3421,-2461.84,27.0803,7949.28,4.33826406e-15
Cladding_PV,13.3799,68.1884,-2380.16,2.59095,7538.12,4.1507018999999997e-16
World,18.6784,72.6369,-2377.35,0.814961,6938140.0,1.305567522e-16
World,5135.37,3461.99,836.336,1.11963,6982880.0,1.7936472599999998e-16
World,5135.37,3461.99,836.336,4.76123,702502.0,7.62749046e-16
Cladding_PV,5.22322,-71.0371,-2476.02,1.87836,4084.63,3.00913272e-16
World,3.95078,-74.8959,-2476.19,1.26747,9528950.0,2.03048694e-16
World,-3505.42,-8802.18,-1063.21,0.481167,1319340.0,7.70829534e-17
World,-3505.42,-8802.18,-1063.21,1.07333,63131.0,1.7194746599999997e-16
Cladding_PV,-23.394,44.9385,-2467.51,19.1982,4365.81,3.0755516399999998e-15
Cladding_PV,28.638,21.2888,-2278.99,7.2535,20108.0,1.1620107e-15
Cladding_PV,30.3232,16.1216,-2259.87,15.6298,22819.3,2.50389396e-15
Cladding_PV,26.3243,10.2779,-2238.52,6.86429,23227.0,1.099659258e-15
Cladding_PV,25.2383,5.88624,-2216.09,9.43863,23963.6,1.512068526e-15
Cladding_PV,17.3287,17.4095,-2197.11,23.705,22808.6,3.7975409999999996e-15
Cladding_PV,16.7483,28.553,-2177.64,5.94014,21518.1,9.51610428e-16
Cladding_PV,10.1465,36.1628,-2159.05,9.47861,20238.3,1.5184733219999998e-15
Cladding_PV,8.47632,47.332,-2142.67,22.1304,25464.3,3.54529008e-15
Cladding_PV,2.5129,63.3237,-2124.55,7.14272,19188.0,1.144263744e-15
World,-7.65436,74.6084,-2114.2,3.15318,13031100.0,5.05139436e-16
Cladding_PV,-24.1324,-31.0469,-2375.8,18.8599,40401.8,3.0213559799999998e-15
Cladding_PV,-14.8569,-45.0203,-2339.72,14.8486,33272.0,2.37874572e-15
Cladding_PV,-3.26254,-55.0324,-2310.69,15.7804,38196.3,2.52802008e-15
Cladding_PV,-0.15605,-64.9616,-2274.6,10.9141,34699.7,1.7484388199999999e-15
Cladding_PV,13.0742,-73.0435,-2244.86,1.54012,3973.47,2.46727224e-16
World,15.4514,-73.3911,-2241.72,3.70269,15452700.0,5.93170938e-16
Cladding_PV,18.2193,-38.3847,-2496.01,6.14619,17131.8,9.846196379999998e-16
Cladding_PV,25.9548,-29.2726,-2484.1,6.32884,14860.2,1.013880168e-15
Cladding_PV,33.2886,-21.2358,-2474.27,20.5929,14978.5,3.2989825799999997e-15
Cladding_PV,37.8691,-10.4157,-2465.32,10.316,24449.5,1.6526232e-15
Cladding_PV,43.2956,12.7546,-2464.41,8.36378,15824.5,1.339877556e-15
Cladding_PV,43.5174,28.2455,-2465.58,9.6641,15621.6,1.5481888199999998e-15
Cladding_PV,42.7362,42.3079,-2471.62,84.4106,16092.1,1.352257812e-14
Cladding_PV,43.1407,57.3171,-2476.39,3.29463,4573.39,5.27799726e-16
World,43.3056,61.2342,-2478.47,0.632544,2637470.0,1.0133354879999999e-16
World,-110.016,2269.68,-3897.06,1.69812,9734490.0,2.72038824e-16
World,-110.016,2269.68,-3897.06,4.57516,654865.0,7.329406320000001e-16
Cladding_PV,-3.25117,8.81002,-2433.21,5.5235,14619.7,8.848647e-16
Cladding_PV,-15.1179,15.208,-2428.04,5.29173,17804.6,8.477351460000001e-16
Cladding_PV,-28.597,22.4516,-2419.48,4.56927,18265.7,7.319970540000001e-16
Cladding_PV,-42.2105,34.089,-2417.98,5.61877,18794.6,9.00126954e-16
Cladding_PV,-58.0331,43.2079,-2417.01,1.91728,3365.96,3.07148256e-16
World,-61.0216,43.6047,-2415.57,1.66907,11427700.0,2.67385014e-16
Cladding_PV,42.7642,-3.23287,-2443.66,7.22708,15223.9,1.1577782159999999e-15
Cladding_PV,44.9969,-8.96933,-2430.3,8.06836,16938.4,1.292551272e-15
Cladding_PV,47.8277,-21.3153,-2420.13,6.27684,15073.8,1.005549768e-15
Cladding_PV,47.5937,-34.2887,-2413.73,5.97876,8776.65,9.57797352e-16
Cladding_PV,47.2049,-40.7637,-2408.16,2.42512,6936.09,3.88504224e-16
Cladding_PV,48.6846,-35.074,-2404.77,15.2633,9569.56,2.44518066e-15
Cladding_PV,51.2875,-33.3518,-2396.04,5.4003,7917.3,8.651280599999999e-16
Cladding_PV,55.535,-31.2001,-2390.04,4.58846,7414.46,7.35071292e-16
Cladding_PV,59.9921,-30.99,-2384.42,5.02445,5826.16,8.049168899999999e-16
Cladding_PV,62.2184,-30.5089,-2379.24,3.90176,5532.62,6.250619519999999e-16
Cladding_PV,64.2006,-26.321,-2376.52,2.68617,5376.03,4.3032443400000003e-16
Cladding_PV,66.4868,-25.3098,-2371.95,5.22938,7537.48,8.37746676e-16
Cladding_PV,70.7957,-24.3593,-2366.66,0.0114452,232.424,1.83352104e-18
World,70.9417,-24.3366,-2366.48,5.7135,17115500.0,9.153027e-16
